IP,Host,OS,Proto,Port,Service,Product,Service FP,NSE Script ID,NSE Script Output,Notes
216.6.136.131,mail.warwick.net,,tcp,80,http,Apache httpd,,vulscan,"cve.csv:
ID: CVE-2012-4558 - Title: Multiple cross-site scripting (XSS) vulnerabilities in the balancer_handler function in the manager interface in mod_proxy_balancer.c in the mod_proxy_balancer module in the Apache HTTP Server 2.2.x before 2.2.24-dev and 2.4.x before 2.4.4 allow remote attackers to inject arbitrary web script or HTML via a crafted string. - Link:  (6)
ID: CVE-2012-3499 - Title: Multiple cross-site scripting (XSS) vulnerabilities in the Apache HTTP Server 2.2.x before 2.2.24-dev and 2.4.x before 2.4.4 allow remote attackers to inject arbitrary web script or HTML via vectors involving hostnames and URIs in the (1) mod_imagemap, (2) mod_info, (3) mod_ldap, (4) mod_proxy_ftp, and (5) mod_status modules. - Link:  (6)
ID: CVE-2013-2249 - Title: mod_session_dbd.c in the mod_session_dbd module in the Apache HTTP Server before 2.4.5 proceeds with save operations for a session without considering the dirty flag and the requirement for a new session ID, which has unspecified impact and remote attack vectors. - Link:  (5)
ID: CVE-2012-3502 - Title: The proxy functionality in (1) mod_proxy_ajp.c in the mod_proxy_ajp module and (2) mod_proxy_http.c in the mod_proxy_http module in the Apache HTTP Server 2.4.x before 2.4.3 does not properly determine the situations that require closing a back-end connection, which allows remote attackers to obtain sensitive information in opportunistic circumstances by reading a response that was intended for a different client. - Link:  (5)
ID: CVE-2012-3451 - Title: Apache CXF before 2.4.9, 2.5.x before 2.5.5, and 2.6.x before 2.6.2 allows remote attackers to execute unintended web-service operations by sending a header with a SOAP Action String that is inconsistent with the message body. - Link:  (5)
ID: CVE-2012-2687 - Title: Multiple cross-site scripting (XSS) vulnerabilities in the make_variant_list function in mod_negotiation.c in the mod_negotiation module in the Apache HTTP Server 2.4.x before 2.4.3, when the MultiViews option is enabled, allow remote attackers to inject arbitrary web script or HTML via a crafted filename that is not properly handled during construction of a variant list. - Link:  (5)
ID: CVE-2012-2379 - Title: Apache CXF 2.4.x before 2.4.8, 2.5.x before 2.5.4, and 2.6.x before 2.6.1, when a Supporting Token specifies a child WS-SecurityPolicy 1.1 or 1.2 policy, does not properly ensure that an XML element is signed or encrypted, which has unspecified impact and attack vectors. - Link:  (5)
ID: CVE-2012-2378 - Title: Apache CXF 2.4.5 through 2.4.7, 2.5.1 through 2.5.3, and 2.6.x before 2.6.1, does not properly enforce child policies of a WS-SecurityPolicy 1.1 SupportingToken policy on the client side, which allows remote attackers to bypass the (1) AlgorithmSuite, (2) SignedParts, (3) SignedElements, (4) EncryptedParts, and (5) EncryptedElements policies. - Link:  (5)
ID: CVE-2012-0883 - Title: envvars (aka envvars-std) in the Apache HTTP Server before 2.4.2 places a zero-length directory name in the LD_LIBRARY_PATH, which allows local users to gain privileges via a Trojan horse DSO in the current working directory during execution of apachectl. - Link:  (5)
ID: CVE-2011-2516 - Title: Off-by-one error in the XML signature feature in Apache XML Security for C++ 1.6.0, as used in Shibboleth before 2.4.3 and possibly other products, allows remote attackers to cause a denial of service (crash) via a signature using a large RSA key, which triggers a buffer overflow. - Link:  (5)


"
216.6.136.131,mail.warwick.net,,tcp,110,pop3,Dovecot pop3d,,vulscan,"cve.csv:
ID: CVE-2011-4318 - Title: Dovecot 2.0.x before 2.0.16, when ssl or starttls is enabled and hostname is used to define the proxy destination, does not verify that the server hostname matches a domain name in the subject's Common Name (CN) of the X.509 certificate, which allows man-in-the-middle attackers to spoof SSL servers via a valid certificate for a different hostname. - Link:  (1)
ID: CVE-2011-2167 - Title: script-login in Dovecot 2.0.x before 2.0.13 does not follow the chroot configuration setting, which might allow remote authenticated users to conduct directory traversal attacks by leveraging a script. - Link:  (1)
ID: CVE-2011-2166 - Title: script-login in Dovecot 2.0.x before 2.0.13 does not follow the user and group configuration settings, which might allow remote authenticated users to bypass intended access restrictions by leveraging a script. - Link:  (1)
ID: CVE-2011-1929 - Title: lib-mail/message-header-parser.c in Dovecot 1.2.x before 1.2.17 and 2.0.x before 2.0.13 does not properly handle '\0' characters in header names, which allows remote attackers to cause a denial of service (daemon crash or mailbox corruption) via a crafted e-mail message. - Link:  (1)
ID: CVE-2010-4011 - Title: Dovecot in Apple Mac OS X 10.6.5 10H574 does not properly manage memory for user names, which allows remote authenticated users to read the private e-mail of other persons in opportunistic circumstances via standard e-mail clients accessing a user's own mailbox, related to a ""memory aliasing issue."" - Link:  (1)
ID: CVE-2010-3780 - Title: Dovecot 1.2.x before 1.2.15 allows remote authenticated users to cause a denial of service (master process outage) by simultaneously disconnecting many (1) IMAP or (2) POP3 sessions. - Link:  (1)
ID: CVE-2010-3779 - Title: Dovecot 1.2.x before 1.2.15 and 2.0.x before 2.0.beta2 grants the admin permission to the owner of each mailbox in a non-public namespace, which might allow remote authenticated users to bypass intended access restrictions by changing the ACL of a mailbox, as demonstrated by a symlinked shared mailbox. - Link:  (1)
ID: CVE-2010-3707 - Title: plugins/acl/acl-backend-vfile.c in Dovecot 1.2.x before 1.2.15 and 2.0.x before 2.0.5 interprets an ACL entry as a directive to add to the permissions granted by another ACL entry, instead of a directive to replace the permissions granted by another ACL entry, in certain circumstances involving more specific entries that occur after less specific entries, which allows remote authenticated users to bypass intended access restrictions via a request to read or modify a mailbox. - Link:  (1)
ID: CVE-2010-3706 - Title: plugins/acl/acl-backend-vfile.c in Dovecot 1.2.x before 1.2.15 and 2.0.x before 2.0.5 interprets an ACL entry as a directive to add to the permissions granted by another ACL entry, instead of a directive to replace the permissions granted by another ACL entry, in certain circumstances involving the private namespace of a user, which allows remote authenticated users to bypass intended access restrictions via a request to read or modify a mailbox. - Link:  (1)
ID: CVE-2010-3304 - Title: The ACL plugin in Dovecot 1.2.x before 1.2.13 propagates INBOX ACLs to newly created mailboxes in certain configurations, which might allow remote attackers to read mailboxes that have unintended weak ACLs. - Link:  (1)
ID: CVE-2010-0745 - Title: Unspecified vulnerability in Dovecot 1.2.x before 1.2.11 allows remote attackers to cause a denial of service (CPU consumption) via long headers in an e-mail message. - Link:  (1)
ID: CVE-2010-0535 - Title: Dovecot in Apple Mac OS X 10.6 before 10.6.3, when Kerberos is enabled, does not properly enforce the service access control list (SACL) for sending and receiving e-mail, which allows remote authenticated users to bypass intended access restrictions via unspecified vectors. - Link:  (1)
ID: CVE-2010-0433 - Title: The kssl_keytab_is_available function in ssl/kssl.c in OpenSSL before 0.9.8n, when Kerberos is enabled but Kerberos configuration files cannot be opened, does not check a certain return value, which allows remote attackers to cause a denial of service (NULL pointer dereference and daemon crash) via SSL cipher negotiation, as demonstrated by a chroot installation of Dovecot or stunnel without Kerberos configuration files inside the chroot. - Link:  (1)
ID: CVE-2009-3897 - Title: Dovecot 1.2.x before 1.2.8 sets 0777 permissions during creation of certain directories at installation time, which allows local users to access arbitrary user accounts by replacing the auth socket, related to the parent directories of the base_dir directory, and possibly the base_dir directory itself. - Link:  (1)
ID: CVE-2009-3235 - Title: Multiple stack-based buffer overflows in the Sieve plugin in Dovecot 1.0 before 1.0.4 and 1.1 before 1.1.7, as derived from Cyrus libsieve, allow context-dependent attackers to cause a denial of service (crash) and possibly execute arbitrary code via a crafted SIEVE script, as demonstrated by forwarding an e-mail message to a large number of recipients, a different vulnerability than CVE-2009-2632. - Link:  (1)
ID: CVE-2009-2632 - Title: Buffer overflow in the SIEVE script component (sieve/script.c), as used in cyrus-imapd in Cyrus IMAP Server 2.2.13 and 2.3.14, and Dovecot 1.0 before 1.0.4 and 1.1 before 1.1.7, allows local users to execute arbitrary code and read or modify arbitrary messages via a crafted SIEVE script, related to the incorrect use of the sizeof operator for determining buffer length, combined with an integer signedness error. - Link:  (1)
ID: CVE-2008-5301 - Title: Directory traversal vulnerability in the ManageSieve implementation in Dovecot 1.0.15, 1.1, and 1.2 allows remote attackers to read and modify arbitrary .sieve files via a "".."" (dot dot) in a script name. - Link:  (1)
ID: CVE-2008-4907 - Title: The message parsing feature in Dovecot 1.1.4 and 1.1.5, when using the FETCH ENVELOPE command in the IMAP client, allows remote attackers to cause a denial of service (persistent crash) via an email with a malformed From address, which triggers an assertion error, aka ""invalid message address parsing bug."" - Link:  (1)
ID: CVE-2008-4870 - Title: dovecot 1.0.7 in Red Hat Enterprise Linux (RHEL) 5, and possibly Fedora, uses world-readable permissions for dovecot.conf, which allows local users to obtain the ssl_key_password parameter value. - Link:  (1)
ID: CVE-2008-4578 - Title: The ACL plugin in Dovecot before 1.1.4 allows attackers to bypass intended access restrictions by using the ""k"" right to create unauthorized ""parent/child/child"" mailboxes. - Link:  (1)
ID: CVE-2008-4577 - Title: The ACL plugin in Dovecot before 1.1.4 treats negative access rights as if they are positive access rights, which allows attackers to bypass intended access restrictions. - Link:  (1)
ID: CVE-2008-1218 - Title: Argument injection vulnerability in Dovecot 1.0.x before 1.0.13, and 1.1.x before 1.1.rc3, when using blocking passdbs, allows remote attackers to bypass the password check via a password containing TAB characters, which are treated as argument delimiters that enable the skip_password_check field to be specified. - Link:  (1)
ID: CVE-2008-1199 - Title: Dovecot before 1.0.11, when configured to use mail_extra_groups to allow Dovecot to create dotlocks in /var/mail, might allow local users to read sensitive mail files for other users, or modify files or directories that are writable by group, via a symlink attack. - Link:  (1)
ID: CVE-2007-6598 - Title: Dovecot before 1.0.10, with certain configuration options including use of %variables, does not properly maintain the LDAP+auth cache, which might allow remote authenticated users to login as a different user who has the same password. - Link:  (1)
ID: CVE-2007-5794 - Title: Race condition in nss_ldap, when used in applications that are linked against the pthread library and fork after a call to nss_ldap, might send user data to the wrong process because of improper handling of the LDAP connection. NOTE: this issue was originally reported for Dovecot with the wrong mailboxes being returned, but other applications might also be affected. - Link:  (1)
ID: CVE-2007-4211 - Title: The ACL plugin in Dovecot before 1.0.3 allows remote authenticated users with the insert right to save certain flags via a (1) COPY or (2) APPEND command. - Link:  (1)
ID: CVE-2007-2231 - Title: Directory traversal vulnerability in index/mbox/mbox-storage.c in Dovecot before 1.0.rc29, when using the zlib plugin, allows remote attackers to read arbitrary gzipped (.gz) mailboxes (mbox files) via a .. (dot dot) sequence in the mailbox name. - Link:  (1)
ID: CVE-2007-2173 - Title: Eval injection vulnerability in (1) courier-imapd.indirect and (2) courier-pop3d.indirect in Courier-IMAP before 4.0.6-r2, and 4.1.x before 4.1.2-r1, on Gentoo Linux allows remote attackers to execute arbitrary commands via the XMAILDIR variable, related to the LOGINRUN variable. - Link:  (1)
ID: CVE-2007-0618 - Title: Unspecified vulnerability in (1) pop3d, (2) pop3ds, (3) imapd, and (4) imapds in IBM AIX 5.3.0 has unspecified impact and attack vectors, involving an ""authentication vulnerability."" - Link:  (1)
ID: CVE-2006-5973 - Title: Off-by-one buffer overflow in Dovecot 1.0test53 through 1.0.rc14, and possibly other versions, when index files are used and mmap_disable is set to ""yes,"" allows remote authenticated IMAP or POP3 users to cause a denial of service (crash) via unspecified vectors involving the cache file. - Link:  (1)
ID: CVE-2006-2502 - Title: Stack-based buffer overflow in pop3d in Cyrus IMAPD (cyrus-imapd) 2.3.2, when the popsubfolders option is enabled, allows remote attackers to execute arbitrary code via a long USER command. - Link:  (1)
ID: CVE-2006-2414 - Title: Directory traversal vulnerability in Dovecot 1.0 beta and 1.0 allows remote attackers to list files and directories under the mbox parent directory and obtain mailbox names via "".."" sequences in the (1) LIST or (2) DELETE IMAP command. - Link:  (1)
ID: CVE-2006-0730 - Title: Multiple unspecified vulnerabilities in Dovecot before 1.0beta3 allow remote attackers to cause a denial of service (application crash or hang) via unspecified vectors involving (1) ""potential hangs"" in the APPEND command and ""potential crashes"" in (2) dovecot-auth and (3) imap/pop3-login.  NOTE: vector 2 might be related to a double free vulnerability. - Link:  (1)
ID: CVE-2002-0925 - Title: Format string vulnerability in mmsyslog function allows remote attackers to execute arbitrary code via (1) the USER command to mmpop3d for mmmail 0.0.13 and earlier, (2) the HELO command to mmsmtpd for mmmail 0.0.13 and earlier, or (3) the USER command to mmftpd 0.0.7 and earlier. - Link:  (1)
ID: CVE-2001-0143 - Title: vpop3d program in linuxconf 1.23r and earlier allows local users to overwrite arbitrary files via a symlink attack. - Link:  (1)
ID: CVE-2000-1197 - Title: POP2 or POP3 server (pop3d) in imap-uw IMAP package on FreeBSD and other operating systems creates lock files with predictable names, which allows local users to cause a denial of service (lack of mail access) for other users by creating lock files for other mail boxes. - Link:  (1)
ID: CVE-1999-1445 - Title: Vulnerability in imapd and ipop3d in Slackware 3.4 and 3.3 with shadowing enabled, and possibly other operating systems, allows remote attackers to cause a core dump via a short sequence of USER and PASS commands that do not provide valid usernames or passwords. - Link:  (1)


"
216.6.136.131,mail.warwick.net,,tcp,143,imap,Linuxmagic MagicMail imapd,,vulscan,"cve.csv:
ID: CVE-2011-3481 - Title: The index_get_ids function in index.c in imapd in Cyrus IMAP Server before 2.4.11, when server-side threading is enabled, allows remote attackers to cause a denial of service (NULL pointer dereference and daemon crash) via a crafted References header in an e-mail message. - Link:  (1)
ID: CVE-2011-3372 - Title: imap/nntpd.c in the NNTP server (nntpd) for Cyrus IMAPd 2.4.x before 2.4.12 allows remote attackers to bypass authentication by sending an AUTHINFO USER command without sending an additional AUTHINFO PASS command. - Link:  (1)
ID: CVE-2009-2632 - Title: Buffer overflow in the SIEVE script component (sieve/script.c), as used in cyrus-imapd in Cyrus IMAP Server 2.2.13 and 2.3.14, and Dovecot 1.0 before 1.0.4 and 1.1 before 1.1.7, allows local users to execute arbitrary code and read or modify arbitrary messages via a crafted SIEVE script, related to the incorrect use of the sizeof operator for determining buffer length, combined with an integer signedness error. - Link:  (1)
ID: CVE-2007-5740 - Title: The format string protection mechanism in IMAPD for Perdition Mail Retrieval Proxy 1.17 and earlier allows remote attackers to execute arbitrary code via an IMAP tag with a null byte followed by a format string specifier, which is not counted by the mechanism. - Link:  (1)
ID: CVE-2007-5018 - Title: Stack-based buffer overflow in IMAPD in Mercury/32 4.52 allows remote authenticated users to execute arbitrary code via a long argument in a SEARCH ON command.  NOTE: this issue might overlap with CVE-2004-1211. - Link:  (1)
ID: CVE-2007-3925 - Title: Multiple buffer overflows in the IMAP service (imapd32.exe) in Ipswitch IMail Server 2006 before 2006.21 allow remote authenticated users to execute arbitrary code via the (1) Search or (2) Search Charset command. - Link:  (1)
ID: CVE-2007-2173 - Title: Eval injection vulnerability in (1) courier-imapd.indirect and (2) courier-pop3d.indirect in Courier-IMAP before 4.0.6-r2, and 4.1.x before 4.1.2-r1, on Gentoo Linux allows remote attackers to execute arbitrary commands via the XMAILDIR variable, related to the LOGINRUN variable. - Link:  (1)
ID: CVE-2007-1579 - Title: Stack-based buffer overflow in Atrium MERCUR IMAPD allows remote attackers to have an unknown impact via a certain SUBSCRIBE command. - Link:  (1)
ID: CVE-2007-1578 - Title: Multiple integer signedness errors in the NTLM implementation in Atrium MERCUR IMAPD (mcrimap4.exe) 5.00.14, with SP4, allow remote attackers to execute arbitrary code via a long NTLMSSP argument that triggers a stack-based buffer overflow. - Link:  (1)
ID: CVE-2007-0618 - Title: Unspecified vulnerability in (1) pop3d, (2) pop3ds, (3) imapd, and (4) imapds in IBM AIX 5.3.0 has unspecified impact and attack vectors, involving an ""authentication vulnerability."" - Link:  (1)
ID: CVE-2006-6762 - Title: The IMAP daemon (IMAPD) in Novell NetMail before 3.52e FTF2 allows remote authenticated users to cause a denial of service via an APPEND command with a single ""("" (parenthesis) in the argument. - Link:  (1)
ID: CVE-2006-6761 - Title: Stack-based buffer overflow in the IMAP daemon (IMAPD) in Novell NetMail before 3.52e FTF2 allows remote authenticated users to execute arbitrary code via a long argument to the SUBSCRIBE command. - Link:  (1)
ID: CVE-2006-6425 - Title: Stack-based buffer overflow in the IMAP daemon (IMAPD) in Novell NetMail before 3.52e FTF2 allows remote authenticated users to execute arbitrary code via unspecified vectors involving the APPEND command. - Link:  (1)
ID: CVE-2006-6424 - Title: Multiple buffer overflows in Novell NetMail before 3.52e FTF2 allow remote attackers to execute arbitrary code (1) by appending literals to certain IMAP verbs when specifying command continuation requests to IMAPD, resulting in a heap overflow - Link:  (1)
ID: CVE-2006-2502 - Title: Stack-based buffer overflow in pop3d in Cyrus IMAPD (cyrus-imapd) 2.3.2, when the popsubfolders option is enabled, allows remote attackers to execute arbitrary code via a long USER command. - Link:  (1)
ID: CVE-2005-2278 - Title: Stack-based buffer overflow in the IMAP daemon (imapd) in MailEnable Professional 1.54 allows remote authenticated users to execute arbitrary code via the status command with a long mailbox name. - Link:  (1)
ID: CVE-2005-1256 - Title: Stack-based buffer overflow in the IMAP daemon (IMAPD32.EXE) in IMail 8.13 in Ipswitch Collaboration Suite (ICS), and other versions before IMail Server 8.2 Hotfix 2, allows remote authenticated users to execute arbitrary code via a STATUS command with a long mailbox name. - Link:  (1)
ID: CVE-2005-1249 - Title: The IMAP daemon (IMAPD32.EXE) in Ipswitch Collaboration Suite (ICS) allows remote attackers to cause a denial of service (CPU consumption) via an LSUB command with a large number of null characters, which causes an infinite loop. - Link:  (1)
ID: CVE-2005-1015 - Title: Buffer overflow in MailEnable Imapd (MEIMAP.exe) allows remote attackers to execute arbitrary code via a long LOGIN command. - Link:  (1)
ID: CVE-2005-0546 - Title: Multiple buffer overflows in Cyrus IMAPd before 2.2.11 may allow attackers to execute arbitrary code via (1) an off-by-one error in the imapd annotate extension, (2) an off-by-one error in ""cached header handling,"" (3) a stack-based buffer overflow in fetchnews, or (4) a stack-based buffer overflow in imapd. - Link:  (1)
ID: CVE-2003-1322 - Title: Multiple stack-based buffer overflows in Atrium MERCUR IMAPD in MERCUR Mailserver before 4.2.15.0 allow remote attackers to execute arbitrary code via a long (1) EXAMINE, (2) DELETE, (3) SUBSCRIBE, (4) RENAME, (5) UNSUBSCRIBE, (6) LIST, (7) LSUB, (8) STATUS, (9) LOGIN, (10) CREATE, or (11) SELECT command. - Link:  (1)
ID: CVE-2002-1782 - Title: The default configuration of University of Washington IMAP daemon (wu-imapd), when running on a system that does not allow shell access, allows a local user with a valid IMAP account to read arbitrary files as that user. - Link:  (1)
ID: CVE-2002-1604 - Title: Multiple buffer overflows in HP Tru64 UNIX allow local and possibly remote attackers to execute arbitrary code via a long NLSPATH environment variable to (1) csh, (2) dtsession, (3) dxsysinfo, (4) imapd, (5) inc, (6) uucp, (7) uux, (8) rdist, or (9) deliver. - Link:  (1)
ID: CVE-2002-0997 - Title: Buffer overflows in IMAP Agent (imapd) for Novell NetMail (NIMS) 3.0.3 before 3.0.3A allows remote attackers to cause a denial of service. - Link:  (1)
ID: CVE-2002-0379 - Title: Buffer overflow in University of Washington imap server (uw-imapd) imap-2001 (imapd 2001.315) and imap-2001a (imapd 2001.315) with legacy RFC 1730 support, and imapd 2000.287 and earlier, allows remote authenticated users to execute arbitrary code via a long BODY request. - Link:  (1)
ID: CVE-2001-0691 - Title: Buffer overflows in Washington University imapd 2000a through 2000c could allow local users without shell access to execute code as themselves in certain configurations. - Link:  (1)
ID: CVE-2000-0284 - Title: Buffer overflow in University of Washington imapd version 4.7 allows users with a valid account to execute commands via LIST or other commands. - Link:  (1)
ID: CVE-1999-1557 - Title: Buffer overflow in the login functions in IMAP server (imapd) in Ipswitch IMail 5.0 and earlier allows remote attackers to cause a denial of service and possibly execute arbitrary code via (1) a long user name or (2) a long password. - Link:  (1)
ID: CVE-1999-1445 - Title: Vulnerability in imapd and ipop3d in Slackware 3.4 and 3.3 with shadowing enabled, and possibly other operating systems, allows remote attackers to cause a core dump via a short sequence of USER and PASS commands that do not provide valid usernames or passwords. - Link:  (1)
ID: CVE-1999-1224 - Title: IMAP 4.1 BETA, and possibly other versions, does not properly handle the SIGABRT (abort) signal, which allows local users to crash the server (imapd) via certain sequences of commands, which causes a core dump that may contain sensitive password information. - Link:  (1)


"
216.6.136.131,mail.warwick.net,,tcp,443,http,Apache httpd,,vulscan,"cve.csv:
ID: CVE-2012-4558 - Title: Multiple cross-site scripting (XSS) vulnerabilities in the balancer_handler function in the manager interface in mod_proxy_balancer.c in the mod_proxy_balancer module in the Apache HTTP Server 2.2.x before 2.2.24-dev and 2.4.x before 2.4.4 allow remote attackers to inject arbitrary web script or HTML via a crafted string. - Link:  (6)
ID: CVE-2012-3499 - Title: Multiple cross-site scripting (XSS) vulnerabilities in the Apache HTTP Server 2.2.x before 2.2.24-dev and 2.4.x before 2.4.4 allow remote attackers to inject arbitrary web script or HTML via vectors involving hostnames and URIs in the (1) mod_imagemap, (2) mod_info, (3) mod_ldap, (4) mod_proxy_ftp, and (5) mod_status modules. - Link:  (6)
ID: CVE-2013-2249 - Title: mod_session_dbd.c in the mod_session_dbd module in the Apache HTTP Server before 2.4.5 proceeds with save operations for a session without considering the dirty flag and the requirement for a new session ID, which has unspecified impact and remote attack vectors. - Link:  (5)
ID: CVE-2012-3502 - Title: The proxy functionality in (1) mod_proxy_ajp.c in the mod_proxy_ajp module and (2) mod_proxy_http.c in the mod_proxy_http module in the Apache HTTP Server 2.4.x before 2.4.3 does not properly determine the situations that require closing a back-end connection, which allows remote attackers to obtain sensitive information in opportunistic circumstances by reading a response that was intended for a different client. - Link:  (5)
ID: CVE-2012-3451 - Title: Apache CXF before 2.4.9, 2.5.x before 2.5.5, and 2.6.x before 2.6.2 allows remote attackers to execute unintended web-service operations by sending a header with a SOAP Action String that is inconsistent with the message body. - Link:  (5)
ID: CVE-2012-2687 - Title: Multiple cross-site scripting (XSS) vulnerabilities in the make_variant_list function in mod_negotiation.c in the mod_negotiation module in the Apache HTTP Server 2.4.x before 2.4.3, when the MultiViews option is enabled, allow remote attackers to inject arbitrary web script or HTML via a crafted filename that is not properly handled during construction of a variant list. - Link:  (5)
ID: CVE-2012-2379 - Title: Apache CXF 2.4.x before 2.4.8, 2.5.x before 2.5.4, and 2.6.x before 2.6.1, when a Supporting Token specifies a child WS-SecurityPolicy 1.1 or 1.2 policy, does not properly ensure that an XML element is signed or encrypted, which has unspecified impact and attack vectors. - Link:  (5)
ID: CVE-2012-2378 - Title: Apache CXF 2.4.5 through 2.4.7, 2.5.1 through 2.5.3, and 2.6.x before 2.6.1, does not properly enforce child policies of a WS-SecurityPolicy 1.1 SupportingToken policy on the client side, which allows remote attackers to bypass the (1) AlgorithmSuite, (2) SignedParts, (3) SignedElements, (4) EncryptedParts, and (5) EncryptedElements policies. - Link:  (5)
ID: CVE-2012-0883 - Title: envvars (aka envvars-std) in the Apache HTTP Server before 2.4.2 places a zero-length directory name in the LD_LIBRARY_PATH, which allows local users to gain privileges via a Trojan horse DSO in the current working directory during execution of apachectl. - Link:  (5)
ID: CVE-2011-2516 - Title: Off-by-one error in the XML signature feature in Apache XML Security for C++ 1.6.0, as used in Shibboleth before 2.4.3 and possibly other products, allows remote attackers to cause a denial of service (crash) via a signature using a large RSA key, which triggers a buffer overflow. - Link:  (5)


"
216.6.136.131,mail.warwick.net,,tcp,587,nagios-nsca,Nagios NSCA,,vulscan,"cve.csv:
ID: CVE-2013-4781 - Title: core/getLog.php on the Siemens Enterprise OpenScape Branch appliance and OpenScape Session Border Controller (SBC) before 2 R0.32.0, and 7 before 7 R1.7.0, allows remote attackers to execute arbitrary commands via unspecified vectors. - Link:  (1)
ID: CVE-2013-4780 - Title: core/getLog.php on the Siemens Enterprise OpenScape Branch appliance and OpenScape Session Border Controller (SBC) before 2 R0.32.0, and 7 before 7 R1.7.0, allows remote attackers to read arbitrary files via unspecified vectors. - Link:  (1)
ID: CVE-2013-4779 - Title: Cross-site scripting (XSS) vulnerability in core/handleTw.php on the Siemens Enterprise OpenScape Branch appliance and OpenScape Session Border Controller (SBC) before 2 R0.32.0, and 7 before 7 R1.7.0, allows remote attackers to inject arbitrary web script or HTML via unspecified vectors. - Link:  (1)
ID: CVE-2013-4778 - Title: core/getLog.php on the Siemens Enterprise OpenScape Branch appliance and OpenScape Session Border Controller (SBC) before 2 R0.32.0, and 7 before 7 R1.7.0, allows remote attackers to obtain sensitive server and statistics information via unspecified vectors. - Link:  (1)
ID: CVE-2013-3505 - Title: The Nagios-App component in GroundWork Monitor Enterprise 6.7.0 allows remote authenticated users to bypass intended access restrictions via a direct request for a (1) log file or (2) configuration file. - Link:  (1)
ID: CVE-2013-3504 - Title: Directory traversal vulnerability in monarch.cgi in the MONARCH component in GroundWork Monitor Enterprise 6.7.0 allows remote authenticated users to overwrite arbitrary files by leveraging access to the nagios account. - Link:  (1)
ID: CVE-2013-3500 - Title: The Foundation webapp admin interface in GroundWork Monitor Enterprise 6.7.0 uses the nagios account as the owner of writable files under /usr/local/groundwork, which allows context-dependent attackers to bypass intended filesystem restrictions by leveraging access to a GroundWork script. - Link:  (1)
ID: CVE-2013-1362 - Title: Incomplete blacklist vulnerability in nrpc.c in Nagios Remote Plug-In Executor (NRPE) before 2.14 might allow remote attackers to execute arbitrary shell commands via ""$()"" shell metacharacters, which are processed by bash. - Link:  (1)
ID: CVE-2012-6096 - Title: Multiple stack-based buffer overflows in the get_history function in history.cgi in Nagios Core before 3.4.4, and Icinga 1.6.x before 1.6.2, 1.7.x before 1.7.4, and 1.8.x before 1.8.4, might allow remote attackers to execute arbitrary code via a long (1) host_name variable (host parameter) or (2) svc_description variable. - Link:  (1)
ID: CVE-2012-3457 - Title: PNP4Nagios 0.6 through 0.6.16 uses world-readable permissions for process_perfdata.cfg, which allows local users to obtain the Gearman shared secret by reading the file. - Link:  (1)
ID: CVE-2012-1191 - Title: The resolver in dnscache in Daniel J. Bernstein djbdns 1.05 overwrites cached server names and TTL values in NS records during the processing of a response to an A record query, which allows remote attackers to trigger continued resolvability of revoked domain names via a ""ghost domain names"" attack. - Link:  (1)
ID: CVE-2011-2179 - Title: Multiple cross-site scripting (XSS) vulnerabilities in config.c in config.cgi in (1) Nagios 3.2.3 and (2) Icinga before 1.4.1 allow remote attackers to inject arbitrary web script or HTML via the expand parameter, as demonstrated by an (a) command action or a (b) hosts action. - Link:  (1)
ID: CVE-2011-1523 - Title: Cross-site scripting (XSS) vulnerability in statusmap.c in statusmap.cgi in Nagios 3.2.3 and earlier allows remote attackers to inject arbitrary web script or HTML via the layer parameter. - Link:  (1)
ID: CVE-2010-3616 - Title: ISC DHCP server 4.2 before 4.2.0-P2, when configured to use failover partnerships, allows remote attackers to cause a denial of service (communications-interrupted state and DHCP client service loss) by connecting to a port that is only intended for a failover peer, as demonstrated by a Nagios check_tcp process check to TCP port 520. - Link:  (1)
ID: CVE-2010-0407 - Title: Multiple buffer overflows in the MSGFunctionDemarshall function in winscard_svc.c in the PC/SC Smart Card daemon (aka PCSCD) in MUSCLE PCSC-Lite before 1.5.4 allow local users to gain privileges via crafted message data, which is improperly demarshalled. - Link:  (1)
ID: CVE-2009-4902 - Title: Buffer overflow in the MSGFunctionDemarshall function in winscard_svc.c in the PC/SC Smart Card daemon (aka PCSCD) in MUSCLE PCSC-Lite 1.5.4 and earlier might allow local users to gain privileges via crafted SCARD_CONTROL message data, which is improperly demarshalled.  NOTE: this vulnerability exists because of an incorrect fix for CVE-2010-0407. - Link:  (1)
ID: CVE-2009-4901 - Title: The MSGFunctionDemarshall function in winscard_svc.c in the PC/SC Smart Card daemon (aka PCSCD) in MUSCLE PCSC-Lite before 1.5.4 might allow local users to cause a denial of service (daemon crash) via crafted SCARD_SET_ATTRIB message data, which is improperly demarshalled and triggers a buffer over-read, a related issue to CVE-2010-0407. - Link:  (1)
ID: CVE-2009-4626 - Title: Directory traversal vulnerability in menu.php in phpNagios 1.2.0 allows remote attackers to include and execute arbitrary local files via directory traversal sequences in the conf[lang] parameter. - Link:  (1)
ID: CVE-2009-2288 - Title: statuswml.cgi in Nagios before 3.1.1 allows remote attackers to execute arbitrary commands via shell metacharacters in the (1) ping or (2) Traceroute parameters. - Link:  (1)
ID: CVE-2009-0234 - Title: The DNS Resolver Cache Service (aka DNSCache) in Windows DNS Server in Microsoft Windows 2000 SP4, Server 2003 SP1 and SP2, and Server 2008 does not properly cache crafted DNS responses, which makes it easier for remote attackers to predict transaction IDs and poison caches by sending many crafted DNS queries that trigger ""unnecessary lookups,"" aka ""DNS Server Response Validation Vulnerability."" - Link:  (1)
ID: CVE-2009-0233 - Title: The DNS Resolver Cache Service (aka DNSCache) in Windows DNS Server in Microsoft Windows 2000 SP4, Server 2003 SP1 and SP2, and Server 2008, when dynamic updates are enabled, does not reuse cached DNS responses in all applicable situations, which makes it easier for remote attackers to predict transaction IDs and poison caches by simultaneously sending crafted DNS queries and responses, aka ""DNS Server Query Validation Vulnerability."" - Link:  (1)
ID: CVE-2008-6373 - Title: Unspecified vulnerability in Nagios before 3.0.6 has unspecified impact and remote attack vectors related to CGI programs, ""adaptive external commands,"" and ""writing newlines and submitting service comments."" - Link:  (1)
ID: CVE-2008-5028 - Title: Cross-site request forgery (CSRF) vulnerability in cmd.cgi in (1) Nagios 3.0.5 and (2) op5 Monitor before 4.0.1 allows remote attackers to send commands to the Nagios process, and trigger execution of arbitrary programs by this process, via unspecified HTTP requests. - Link:  (1)
ID: CVE-2008-5027 - Title: The Nagios process in (1) Nagios before 3.0.5 and (2) op5 Monitor before 4.0.1 allows remote authenticated users to bypass authorization checks, and trigger execution of arbitrary programs by this process, via an (a) custom form or a (b) browser addon. - Link:  (1)
ID: CVE-2008-4392 - Title: dnscache in Daniel J. Bernstein djbdns 1.05 does not prevent simultaneous identical outbound DNS queries, which makes it easier for remote attackers to spoof DNS responses, as demonstrated by a spoofed A record in the Additional section of a response to a Start of Authority (SOA) query. - Link:  (1)
ID: CVE-2008-1360 - Title: Cross-site scripting (XSS) vulnerability in Nagios before 2.11 allows remote attackers to inject arbitrary web script or HTML via unknown vectors to unspecified CGI scripts, a different issue than CVE-2007-5624. - Link:  (1)
ID: CVE-2007-5803 - Title: Multiple cross-site scripting (XSS) vulnerabilities in CGI programs in Nagios before 2.12 might allow remote attackers to inject arbitrary web script or HTML via unspecified vectors, a different issue than CVE-2007-5624 and CVE-2008-1360. - Link:  (1)
ID: CVE-2007-5624 - Title: Cross-site scripting (XSS) vulnerability in Nagios 2.x before 2.10 allows remote attackers to inject arbitrary web script or HTML via unknown vectors to unspecified CGI scripts. - Link:  (1)
ID: CVE-2007-5623 - Title: Buffer overflow in the check_snmp function in Nagios Plugins (nagios-plugins) 1.4.10 allows remote attackers to cause a denial of service (crash) via crafted snmpget replies. - Link:  (1)
ID: CVE-2007-5198 - Title: Buffer overflow in the redir function in check_http.c in Nagios Plugins before 1.4.10, when running with the -f (follow) option, allows remote web servers to execute arbitrary code via Location header responses (redirects) with a large number of leading ""L"" characters. - Link:  (1)
ID: CVE-2007-2710 - Title: PHP remote file inclusion vulnerability in functions/prepend_adm.php in NagiosQL 2.00-P00 and earlier allows remote attackers to execute arbitrary PHP code via a URL in the SETS[path][IT] parameter.  NOTE: the provenance of this information is unknown - Link:  (1)
ID: CVE-2007-2709 - Title: PHP remote file inclusion vulnerability in functions/prepend_adm.php in NagiosQL 2005 2.00 allows remote attackers to execute arbitrary PHP code via a URL in the SETS[path][physical] parameter. - Link:  (1)
ID: CVE-2006-2489 - Title: Integer overflow in CGI scripts in Nagios 1.x before 1.4.1 and 2.x before 2.3.1 allows remote attackers to cause a denial of service (crash) and possibly execute arbitrary code via a content length (Content-Length) HTTP header.  NOTE: this is a different vulnerability than CVE-2006-2162. - Link:  (1)
ID: CVE-2006-2162 - Title: Buffer overflow in CGI scripts in Nagios 1.x before 1.4 and 2.x before 2.3 allows remote attackers to execute arbitrary code via a negative content length (Content-Length) HTTP header. - Link:  (1)
ID: CVE-2006-0297 - Title: Multiple integer overflows in Mozilla Firefox 1.5, Thunderbird 1.5 if Javascript is enabled in mail, and SeaMonkey before 1.0 might allow remote attackers to execute arbitrary code via the (1) EscapeAttributeValue in jsxml.c for E4X, (2) nsSVGCairoSurface::Init in SVG, and (3) nsCanvasRenderingContext2D.cpp in Canvas. - Link:  (1)
ID: CVE-2006-0023 - Title: Microsoft Windows XP SP1 and SP2 before August 2004, and possibly other operating systems and versions, uses insecure default ACLs that allow the Authenticated Users group to gain privileges by modifying critical configuration information for the (1) Simple Service Discovery Protocol (SSDP), (2) Universal Plug and Play Device Host (UPnP), (3) NetBT, (4) SCardSvr, (5) DHCP, and (6) DnsCache services, aka ""Permissive Windows Services DACLs.""  NOTE: the NetBT, SCardSvr, DHCP, DnsCache already require privileged access to exploit. - Link:  (1)
ID: CVE-2002-1959 - Title: Nagios 1.0b1 through 1.0b3 allows remote attackers to execute arbitrary commands via shell metacharacters in plugin output. - Link:  (1)


"
216.6.136.131,mail.warwick.net,,tcp,993,imap,Linuxmagic MagicMail imapd,,vulscan,"cve.csv:
ID: CVE-2011-3481 - Title: The index_get_ids function in index.c in imapd in Cyrus IMAP Server before 2.4.11, when server-side threading is enabled, allows remote attackers to cause a denial of service (NULL pointer dereference and daemon crash) via a crafted References header in an e-mail message. - Link:  (1)
ID: CVE-2011-3372 - Title: imap/nntpd.c in the NNTP server (nntpd) for Cyrus IMAPd 2.4.x before 2.4.12 allows remote attackers to bypass authentication by sending an AUTHINFO USER command without sending an additional AUTHINFO PASS command. - Link:  (1)
ID: CVE-2009-2632 - Title: Buffer overflow in the SIEVE script component (sieve/script.c), as used in cyrus-imapd in Cyrus IMAP Server 2.2.13 and 2.3.14, and Dovecot 1.0 before 1.0.4 and 1.1 before 1.1.7, allows local users to execute arbitrary code and read or modify arbitrary messages via a crafted SIEVE script, related to the incorrect use of the sizeof operator for determining buffer length, combined with an integer signedness error. - Link:  (1)
ID: CVE-2007-5740 - Title: The format string protection mechanism in IMAPD for Perdition Mail Retrieval Proxy 1.17 and earlier allows remote attackers to execute arbitrary code via an IMAP tag with a null byte followed by a format string specifier, which is not counted by the mechanism. - Link:  (1)
ID: CVE-2007-5018 - Title: Stack-based buffer overflow in IMAPD in Mercury/32 4.52 allows remote authenticated users to execute arbitrary code via a long argument in a SEARCH ON command.  NOTE: this issue might overlap with CVE-2004-1211. - Link:  (1)
ID: CVE-2007-3925 - Title: Multiple buffer overflows in the IMAP service (imapd32.exe) in Ipswitch IMail Server 2006 before 2006.21 allow remote authenticated users to execute arbitrary code via the (1) Search or (2) Search Charset command. - Link:  (1)
ID: CVE-2007-2173 - Title: Eval injection vulnerability in (1) courier-imapd.indirect and (2) courier-pop3d.indirect in Courier-IMAP before 4.0.6-r2, and 4.1.x before 4.1.2-r1, on Gentoo Linux allows remote attackers to execute arbitrary commands via the XMAILDIR variable, related to the LOGINRUN variable. - Link:  (1)
ID: CVE-2007-1579 - Title: Stack-based buffer overflow in Atrium MERCUR IMAPD allows remote attackers to have an unknown impact via a certain SUBSCRIBE command. - Link:  (1)
ID: CVE-2007-1578 - Title: Multiple integer signedness errors in the NTLM implementation in Atrium MERCUR IMAPD (mcrimap4.exe) 5.00.14, with SP4, allow remote attackers to execute arbitrary code via a long NTLMSSP argument that triggers a stack-based buffer overflow. - Link:  (1)
ID: CVE-2007-0618 - Title: Unspecified vulnerability in (1) pop3d, (2) pop3ds, (3) imapd, and (4) imapds in IBM AIX 5.3.0 has unspecified impact and attack vectors, involving an ""authentication vulnerability."" - Link:  (1)
ID: CVE-2006-6762 - Title: The IMAP daemon (IMAPD) in Novell NetMail before 3.52e FTF2 allows remote authenticated users to cause a denial of service via an APPEND command with a single ""("" (parenthesis) in the argument. - Link:  (1)
ID: CVE-2006-6761 - Title: Stack-based buffer overflow in the IMAP daemon (IMAPD) in Novell NetMail before 3.52e FTF2 allows remote authenticated users to execute arbitrary code via a long argument to the SUBSCRIBE command. - Link:  (1)
ID: CVE-2006-6425 - Title: Stack-based buffer overflow in the IMAP daemon (IMAPD) in Novell NetMail before 3.52e FTF2 allows remote authenticated users to execute arbitrary code via unspecified vectors involving the APPEND command. - Link:  (1)
ID: CVE-2006-6424 - Title: Multiple buffer overflows in Novell NetMail before 3.52e FTF2 allow remote attackers to execute arbitrary code (1) by appending literals to certain IMAP verbs when specifying command continuation requests to IMAPD, resulting in a heap overflow - Link:  (1)
ID: CVE-2006-2502 - Title: Stack-based buffer overflow in pop3d in Cyrus IMAPD (cyrus-imapd) 2.3.2, when the popsubfolders option is enabled, allows remote attackers to execute arbitrary code via a long USER command. - Link:  (1)
ID: CVE-2005-2278 - Title: Stack-based buffer overflow in the IMAP daemon (imapd) in MailEnable Professional 1.54 allows remote authenticated users to execute arbitrary code via the status command with a long mailbox name. - Link:  (1)
ID: CVE-2005-1256 - Title: Stack-based buffer overflow in the IMAP daemon (IMAPD32.EXE) in IMail 8.13 in Ipswitch Collaboration Suite (ICS), and other versions before IMail Server 8.2 Hotfix 2, allows remote authenticated users to execute arbitrary code via a STATUS command with a long mailbox name. - Link:  (1)
ID: CVE-2005-1249 - Title: The IMAP daemon (IMAPD32.EXE) in Ipswitch Collaboration Suite (ICS) allows remote attackers to cause a denial of service (CPU consumption) via an LSUB command with a large number of null characters, which causes an infinite loop. - Link:  (1)
ID: CVE-2005-1015 - Title: Buffer overflow in MailEnable Imapd (MEIMAP.exe) allows remote attackers to execute arbitrary code via a long LOGIN command. - Link:  (1)
ID: CVE-2005-0546 - Title: Multiple buffer overflows in Cyrus IMAPd before 2.2.11 may allow attackers to execute arbitrary code via (1) an off-by-one error in the imapd annotate extension, (2) an off-by-one error in ""cached header handling,"" (3) a stack-based buffer overflow in fetchnews, or (4) a stack-based buffer overflow in imapd. - Link:  (1)
ID: CVE-2003-1322 - Title: Multiple stack-based buffer overflows in Atrium MERCUR IMAPD in MERCUR Mailserver before 4.2.15.0 allow remote attackers to execute arbitrary code via a long (1) EXAMINE, (2) DELETE, (3) SUBSCRIBE, (4) RENAME, (5) UNSUBSCRIBE, (6) LIST, (7) LSUB, (8) STATUS, (9) LOGIN, (10) CREATE, or (11) SELECT command. - Link:  (1)
ID: CVE-2002-1782 - Title: The default configuration of University of Washington IMAP daemon (wu-imapd), when running on a system that does not allow shell access, allows a local user with a valid IMAP account to read arbitrary files as that user. - Link:  (1)
ID: CVE-2002-1604 - Title: Multiple buffer overflows in HP Tru64 UNIX allow local and possibly remote attackers to execute arbitrary code via a long NLSPATH environment variable to (1) csh, (2) dtsession, (3) dxsysinfo, (4) imapd, (5) inc, (6) uucp, (7) uux, (8) rdist, or (9) deliver. - Link:  (1)
ID: CVE-2002-0997 - Title: Buffer overflows in IMAP Agent (imapd) for Novell NetMail (NIMS) 3.0.3 before 3.0.3A allows remote attackers to cause a denial of service. - Link:  (1)
ID: CVE-2002-0379 - Title: Buffer overflow in University of Washington imap server (uw-imapd) imap-2001 (imapd 2001.315) and imap-2001a (imapd 2001.315) with legacy RFC 1730 support, and imapd 2000.287 and earlier, allows remote authenticated users to execute arbitrary code via a long BODY request. - Link:  (1)
ID: CVE-2001-0691 - Title: Buffer overflows in Washington University imapd 2000a through 2000c could allow local users without shell access to execute code as themselves in certain configurations. - Link:  (1)
ID: CVE-2000-0284 - Title: Buffer overflow in University of Washington imapd version 4.7 allows users with a valid account to execute commands via LIST or other commands. - Link:  (1)
ID: CVE-1999-1557 - Title: Buffer overflow in the login functions in IMAP server (imapd) in Ipswitch IMail 5.0 and earlier allows remote attackers to cause a denial of service and possibly execute arbitrary code via (1) a long user name or (2) a long password. - Link:  (1)
ID: CVE-1999-1445 - Title: Vulnerability in imapd and ipop3d in Slackware 3.4 and 3.3 with shadowing enabled, and possibly other operating systems, allows remote attackers to cause a core dump via a short sequence of USER and PASS commands that do not provide valid usernames or passwords. - Link:  (1)
ID: CVE-1999-1224 - Title: IMAP 4.1 BETA, and possibly other versions, does not properly handle the SIGABRT (abort) signal, which allows local users to crash the server (imapd) via certain sequences of commands, which causes a core dump that may contain sensitive password information. - Link:  (1)


"
216.6.136.131,mail.warwick.net,,tcp,995,pop3,Dovecot pop3d,,vulscan,"cve.csv:
ID: CVE-2011-4318 - Title: Dovecot 2.0.x before 2.0.16, when ssl or starttls is enabled and hostname is used to define the proxy destination, does not verify that the server hostname matches a domain name in the subject's Common Name (CN) of the X.509 certificate, which allows man-in-the-middle attackers to spoof SSL servers via a valid certificate for a different hostname. - Link:  (1)
ID: CVE-2011-2167 - Title: script-login in Dovecot 2.0.x before 2.0.13 does not follow the chroot configuration setting, which might allow remote authenticated users to conduct directory traversal attacks by leveraging a script. - Link:  (1)
ID: CVE-2011-2166 - Title: script-login in Dovecot 2.0.x before 2.0.13 does not follow the user and group configuration settings, which might allow remote authenticated users to bypass intended access restrictions by leveraging a script. - Link:  (1)
ID: CVE-2011-1929 - Title: lib-mail/message-header-parser.c in Dovecot 1.2.x before 1.2.17 and 2.0.x before 2.0.13 does not properly handle '\0' characters in header names, which allows remote attackers to cause a denial of service (daemon crash or mailbox corruption) via a crafted e-mail message. - Link:  (1)
ID: CVE-2010-4011 - Title: Dovecot in Apple Mac OS X 10.6.5 10H574 does not properly manage memory for user names, which allows remote authenticated users to read the private e-mail of other persons in opportunistic circumstances via standard e-mail clients accessing a user's own mailbox, related to a ""memory aliasing issue."" - Link:  (1)
ID: CVE-2010-3780 - Title: Dovecot 1.2.x before 1.2.15 allows remote authenticated users to cause a denial of service (master process outage) by simultaneously disconnecting many (1) IMAP or (2) POP3 sessions. - Link:  (1)
ID: CVE-2010-3779 - Title: Dovecot 1.2.x before 1.2.15 and 2.0.x before 2.0.beta2 grants the admin permission to the owner of each mailbox in a non-public namespace, which might allow remote authenticated users to bypass intended access restrictions by changing the ACL of a mailbox, as demonstrated by a symlinked shared mailbox. - Link:  (1)
ID: CVE-2010-3707 - Title: plugins/acl/acl-backend-vfile.c in Dovecot 1.2.x before 1.2.15 and 2.0.x before 2.0.5 interprets an ACL entry as a directive to add to the permissions granted by another ACL entry, instead of a directive to replace the permissions granted by another ACL entry, in certain circumstances involving more specific entries that occur after less specific entries, which allows remote authenticated users to bypass intended access restrictions via a request to read or modify a mailbox. - Link:  (1)
ID: CVE-2010-3706 - Title: plugins/acl/acl-backend-vfile.c in Dovecot 1.2.x before 1.2.15 and 2.0.x before 2.0.5 interprets an ACL entry as a directive to add to the permissions granted by another ACL entry, instead of a directive to replace the permissions granted by another ACL entry, in certain circumstances involving the private namespace of a user, which allows remote authenticated users to bypass intended access restrictions via a request to read or modify a mailbox. - Link:  (1)
ID: CVE-2010-3304 - Title: The ACL plugin in Dovecot 1.2.x before 1.2.13 propagates INBOX ACLs to newly created mailboxes in certain configurations, which might allow remote attackers to read mailboxes that have unintended weak ACLs. - Link:  (1)
ID: CVE-2010-0745 - Title: Unspecified vulnerability in Dovecot 1.2.x before 1.2.11 allows remote attackers to cause a denial of service (CPU consumption) via long headers in an e-mail message. - Link:  (1)
ID: CVE-2010-0535 - Title: Dovecot in Apple Mac OS X 10.6 before 10.6.3, when Kerberos is enabled, does not properly enforce the service access control list (SACL) for sending and receiving e-mail, which allows remote authenticated users to bypass intended access restrictions via unspecified vectors. - Link:  (1)
ID: CVE-2010-0433 - Title: The kssl_keytab_is_available function in ssl/kssl.c in OpenSSL before 0.9.8n, when Kerberos is enabled but Kerberos configuration files cannot be opened, does not check a certain return value, which allows remote attackers to cause a denial of service (NULL pointer dereference and daemon crash) via SSL cipher negotiation, as demonstrated by a chroot installation of Dovecot or stunnel without Kerberos configuration files inside the chroot. - Link:  (1)
ID: CVE-2009-3897 - Title: Dovecot 1.2.x before 1.2.8 sets 0777 permissions during creation of certain directories at installation time, which allows local users to access arbitrary user accounts by replacing the auth socket, related to the parent directories of the base_dir directory, and possibly the base_dir directory itself. - Link:  (1)
ID: CVE-2009-3235 - Title: Multiple stack-based buffer overflows in the Sieve plugin in Dovecot 1.0 before 1.0.4 and 1.1 before 1.1.7, as derived from Cyrus libsieve, allow context-dependent attackers to cause a denial of service (crash) and possibly execute arbitrary code via a crafted SIEVE script, as demonstrated by forwarding an e-mail message to a large number of recipients, a different vulnerability than CVE-2009-2632. - Link:  (1)
ID: CVE-2009-2632 - Title: Buffer overflow in the SIEVE script component (sieve/script.c), as used in cyrus-imapd in Cyrus IMAP Server 2.2.13 and 2.3.14, and Dovecot 1.0 before 1.0.4 and 1.1 before 1.1.7, allows local users to execute arbitrary code and read or modify arbitrary messages via a crafted SIEVE script, related to the incorrect use of the sizeof operator for determining buffer length, combined with an integer signedness error. - Link:  (1)
ID: CVE-2008-5301 - Title: Directory traversal vulnerability in the ManageSieve implementation in Dovecot 1.0.15, 1.1, and 1.2 allows remote attackers to read and modify arbitrary .sieve files via a "".."" (dot dot) in a script name. - Link:  (1)
ID: CVE-2008-4907 - Title: The message parsing feature in Dovecot 1.1.4 and 1.1.5, when using the FETCH ENVELOPE command in the IMAP client, allows remote attackers to cause a denial of service (persistent crash) via an email with a malformed From address, which triggers an assertion error, aka ""invalid message address parsing bug."" - Link:  (1)
ID: CVE-2008-4870 - Title: dovecot 1.0.7 in Red Hat Enterprise Linux (RHEL) 5, and possibly Fedora, uses world-readable permissions for dovecot.conf, which allows local users to obtain the ssl_key_password parameter value. - Link:  (1)
ID: CVE-2008-4578 - Title: The ACL plugin in Dovecot before 1.1.4 allows attackers to bypass intended access restrictions by using the ""k"" right to create unauthorized ""parent/child/child"" mailboxes. - Link:  (1)
ID: CVE-2008-4577 - Title: The ACL plugin in Dovecot before 1.1.4 treats negative access rights as if they are positive access rights, which allows attackers to bypass intended access restrictions. - Link:  (1)
ID: CVE-2008-1218 - Title: Argument injection vulnerability in Dovecot 1.0.x before 1.0.13, and 1.1.x before 1.1.rc3, when using blocking passdbs, allows remote attackers to bypass the password check via a password containing TAB characters, which are treated as argument delimiters that enable the skip_password_check field to be specified. - Link:  (1)
ID: CVE-2008-1199 - Title: Dovecot before 1.0.11, when configured to use mail_extra_groups to allow Dovecot to create dotlocks in /var/mail, might allow local users to read sensitive mail files for other users, or modify files or directories that are writable by group, via a symlink attack. - Link:  (1)
ID: CVE-2007-6598 - Title: Dovecot before 1.0.10, with certain configuration options including use of %variables, does not properly maintain the LDAP+auth cache, which might allow remote authenticated users to login as a different user who has the same password. - Link:  (1)
ID: CVE-2007-5794 - Title: Race condition in nss_ldap, when used in applications that are linked against the pthread library and fork after a call to nss_ldap, might send user data to the wrong process because of improper handling of the LDAP connection. NOTE: this issue was originally reported for Dovecot with the wrong mailboxes being returned, but other applications might also be affected. - Link:  (1)
ID: CVE-2007-4211 - Title: The ACL plugin in Dovecot before 1.0.3 allows remote authenticated users with the insert right to save certain flags via a (1) COPY or (2) APPEND command. - Link:  (1)
ID: CVE-2007-2231 - Title: Directory traversal vulnerability in index/mbox/mbox-storage.c in Dovecot before 1.0.rc29, when using the zlib plugin, allows remote attackers to read arbitrary gzipped (.gz) mailboxes (mbox files) via a .. (dot dot) sequence in the mailbox name. - Link:  (1)
ID: CVE-2007-2173 - Title: Eval injection vulnerability in (1) courier-imapd.indirect and (2) courier-pop3d.indirect in Courier-IMAP before 4.0.6-r2, and 4.1.x before 4.1.2-r1, on Gentoo Linux allows remote attackers to execute arbitrary commands via the XMAILDIR variable, related to the LOGINRUN variable. - Link:  (1)
ID: CVE-2007-0618 - Title: Unspecified vulnerability in (1) pop3d, (2) pop3ds, (3) imapd, and (4) imapds in IBM AIX 5.3.0 has unspecified impact and attack vectors, involving an ""authentication vulnerability."" - Link:  (1)
ID: CVE-2006-5973 - Title: Off-by-one buffer overflow in Dovecot 1.0test53 through 1.0.rc14, and possibly other versions, when index files are used and mmap_disable is set to ""yes,"" allows remote authenticated IMAP or POP3 users to cause a denial of service (crash) via unspecified vectors involving the cache file. - Link:  (1)
ID: CVE-2006-2502 - Title: Stack-based buffer overflow in pop3d in Cyrus IMAPD (cyrus-imapd) 2.3.2, when the popsubfolders option is enabled, allows remote attackers to execute arbitrary code via a long USER command. - Link:  (1)
ID: CVE-2006-2414 - Title: Directory traversal vulnerability in Dovecot 1.0 beta and 1.0 allows remote attackers to list files and directories under the mbox parent directory and obtain mailbox names via "".."" sequences in the (1) LIST or (2) DELETE IMAP command. - Link:  (1)
ID: CVE-2006-0730 - Title: Multiple unspecified vulnerabilities in Dovecot before 1.0beta3 allow remote attackers to cause a denial of service (application crash or hang) via unspecified vectors involving (1) ""potential hangs"" in the APPEND command and ""potential crashes"" in (2) dovecot-auth and (3) imap/pop3-login.  NOTE: vector 2 might be related to a double free vulnerability. - Link:  (1)
ID: CVE-2002-0925 - Title: Format string vulnerability in mmsyslog function allows remote attackers to execute arbitrary code via (1) the USER command to mmpop3d for mmmail 0.0.13 and earlier, (2) the HELO command to mmsmtpd for mmmail 0.0.13 and earlier, or (3) the USER command to mmftpd 0.0.7 and earlier. - Link:  (1)
ID: CVE-2001-0143 - Title: vpop3d program in linuxconf 1.23r and earlier allows local users to overwrite arbitrary files via a symlink attack. - Link:  (1)
ID: CVE-2000-1197 - Title: POP2 or POP3 server (pop3d) in imap-uw IMAP package on FreeBSD and other operating systems creates lock files with predictable names, which allows local users to cause a denial of service (lack of mail access) for other users by creating lock files for other mail boxes. - Link:  (1)
ID: CVE-1999-1445 - Title: Vulnerability in imapd and ipop3d in Slackware 3.4 and 3.3 with shadowing enabled, and possibly other operating systems, allows remote attackers to cause a core dump via a short sequence of USER and PASS commands that do not provide valid usernames or passwords. - Link:  (1)


"
216.6.136.131,mail.warwick.net,,tcp,2000,cisco-sccp,,,,
216.6.136.131,mail.warwick.net,,tcp,5060,sip,,,,
216.6.136.131,mail.warwick.net,,tcp,8020,intu-ec-svcdisc,,"SF-Port8020-TCP:V=7.94SVN%I=7%D=12/2%Time=674D869C%P=x86_64-pc-linux-gnu%r(GenericLines,1298,""HTTP/1\.1\x20200\x20OK\r\nContent-Length:\x204491\r\nConnection:\x20close\r\nCache-Control:\x20no-cache\r\nContent-Type:\x20text/html;\x20charset=utf-8\r\nX-Frame-Options:\x20SAMEORIGIN\r\nX-XSS-Protection:\x201;\x20mode=block\r\nX-Content-Type-Options:\x20nosniff\r\nContent-Security-Policy:\x20frame-ancestors\x20'self'\r\n\r\n<!DOCTYPE\x20html>\n<html\x20lang=\""en\"">\n\x20\x20\x20\x20<head>\n\x20\x20\x20\x20\x20\x20\x20\x20<meta\x20charset=\""UTF-8\"">\n\x20\x20\x20\x20\x20\x20\x20\x20<meta\x20http-equiv=\""X-UA-Compatible\""\x20content=\""IE=8;\x20IE=EDGE\"">\n\x20\x20\x20\x20\x20\x20\x20\x20<meta\x20name=\""viewport\""\x20content=\""width=device-width,\x20initial-scale=1\"">\n\x20\x20\x20\x20\x20\x20\x20\x20<style\x20type=\""text/css\"">\n\x20\x20\x20\x20\x20\x20\x20\x20\x20\x20\x20\x20body\x20{\n\x20\x20\x20\x20\x20\x20\x20\x20\x20\x20\x20\x20\x20\x20\x20\x20height:\x20100%;\n\x20\x20\x20\x20\x20\x20\x20\x20\x20\x20\x20\x20\x20\x20\x20\x20font-family:\x20Helvetica,\x20Arial,\x20sans-serif;\n\x20\x20\x20\x20\x20\x20\x20\x20\x20\x20\x20\x20\x20\x20\x20\x20color:\x20#6a6a6a;\n\x20\x20\x20\x20\x20\x20\x20\x20\x20\x20\x20\x20\x20\x20\x20\x20margin:\x200;\n\x20\x20\x20\x20\x20\x20\x20\x20\x20\x20\x20\x20\x20\x20\x20\x20display:\x20flex;\n\x20\x20\x20\x20\x20\x20\x20\x20\x20\x20\x20\x20\x20\x20\x20\x20align-items:\x20center;\n\x20\x20\x20\x20\x20\x20\x20\x20\x20\x20\x20\x20\x20\x20\x20\x20justify-content:\x20center;\n\x20\x20\x20\x20\x20\x20\x20\x20\x20\x20\x20\x20}\n\x20\x20\x20\x20\x20\x20\x20\x20\x20\x20\x20\x20input\[type=date\],\x20input\[type=email\],\x20input\[type=number\],\x20input\[type=password\]"")%r(GetRequest,1298,""HTTP/1\.1\x20200\x20OK\r\nContent-Length:\x204491\r\nConnection:\x20close\r\nCache-Control:\x20no-cache\r\nContent-Type:\x20text/html;\x20charset=utf-8\r\nX-Frame-Options:\x20SAMEORIGIN\r\nX-XSS-Protection:\x201;\x20mode=block\r\nX-Content-Type-Options:\x20nosniff\r\nContent-Security-Policy:\x20frame-ancestors\x20'self'\r\n\r\n<!DOCTYPE\x20html>\n<html\x20lang=\""en\"">\n\x20\x20\x20\x20<head>\n\x20\x20\x20\x20\x20\x20\x20\x20<meta\x20charset=\""UTF-8\"">\n\x20\x20\x20\x20\x20\x20\x20\x20<meta\x20http-equiv=\""X-UA-Compatible\""\x20content=\""IE=8;\x20IE=EDGE\"">\n\x20\x20\x20\x20\x20\x20\x20\x20<meta\x20name=\""viewport\""\x20content=\""width=device-width,\x20initial-scale=1\"">\n\x20\x20\x20\x20\x20\x20\x20\x20<style\x20type=\""text/css\"">\n\x20\x20\x20\x20\x20\x20\x20\x20\x20\x20\x20\x20body\x20{\n\x20\x20\x20\x20\x20\x20\x20\x20\x20\x20\x20\x20\x20\x20\x20\x20height:\x20100%;\n\x20\x20\x20\x20\x20\x20\x20\x20\x20\x20\x20\x20\x20\x20\x20\x20font-family:\x20Helvetica,\x20Arial,\x20sans-serif;\n\x20\x20\x20\x20\x20\x20\x20\x20\x20\x20\x20\x20\x20\x20\x20\x20color:\x20#6a6a6a;\n\x20\x20\x20\x20\x20\x20\x20\x20\x20\x20\x20\x20\x20\x20\x20\x20margin:\x200;\n\x20\x20\x20\x20\x20\x20\x20\x20\x20\x20\x20\x20\x20\x20\x20\x20display:\x20flex;\n\x20\x20\x20\x20\x20\x20\x20\x20\x20\x20\x20\x20\x20\x20\x20\x20align-items:\x20center;\n\x20\x20\x20\x20\x20\x20\x20\x20\x20\x20\x20\x20\x20\x20\x20\x20justify-content:\x20center;\n\x20\x20\x20\x20\x20\x20\x20\x20\x20\x20\x20\x20}\n\x20\x20\x20\x20\x20\x20\x20\x20\x20\x20\x20\x20input\[type=date\],\x20input\[type=email\],\x20input\[type=number\],\x20input\[type=password\]"");",fingerprint-strings,"
  GenericLines, GetRequest: 
    HTTP/1.1 200 OK
    Content-Length: 4491
    Connection: close
    Cache-Control: no-cache
    Content-Type: text/html; charset=utf-8
    X-Frame-Options: SAMEORIGIN
    X-XSS-Protection: 1; mode=block
    X-Content-Type-Options: nosniff
    Content-Security-Policy: frame-ancestors 'self'
    <!DOCTYPE html>
    <html lang=""en"">
    <head>
    <meta charset=""UTF-8"">
    <meta http-equiv=""X-UA-Compatible"" content=""IE=8; IE=EDGE"">
    <meta name=""viewport"" content=""width=device-width, initial-scale=1"">
    <style type=""text/css"">
    body {
    height: 100%;
    font-family: Helvetica, Arial, sans-serif;
    color: #6a6a6a;
    margin: 0;
    display: flex;
    align-items: center;
    justify-content: center;
    input[type=date], input[type=email], input[type=number], input[type=password]"
